<?xml version="1.0" encoding="UTF-8"?><project-private xmlns="http://www.netbeans.org/ns/project-private/1">
    <editor-bookmarks xmlns="http://www.netbeans.org/ns/editor-bookmarks/1"/>
    <editor-bookmarks xmlns="http://www.netbeans.org/ns/editor-bookmarks/2" lastBookmarkId="0"/>
    <open-files xmlns="http://www.netbeans.org/ns/projectui-open-files/2">
        <group>
            <file>file:/C:/Users/gvanhoy/MPLABXProjects/lab0.X/switch.c</file>
            <file>file:/C:/Users/gvanhoy/MPLABXProjects/lab0.X/led.h</file>
            <file>file:/C:/Users/gvanhoy/MPLABXProjects/lab0.X/config.h</file>
            <file>file:/C:/Users/gvanhoy/MPLABXProjects/lab0.X/interrupt.h</file>
            <file>file:/C:/Users/gvanhoy/MPLABXProjects/lab0.X/switch.h</file>
            <file>file:/C:/Users/gvanhoy/MPLABXProjects/lab0.X/timer.c</file>
            <file>file:/C:/Users/gvanhoy/MPLABXProjects/lab0.X/interrupt.c</file>
            <file>file:/C:/Users/gvanhoy/MPLABXProjects/lab0.X/timer.h</file>
            <file>file:/C:/Users/gvanhoy/MPLABXProjects/lab0.X/main.c</file>
            <file>file:/C:/Users/gvanhoy/MPLABXProjects/lab0.X/led.c</file>
        </group>
    </open-files>
</project-private>
